WT_401KBT%,WT_401MTCH,WT_DEN,WT_Federal Withholding [USA] ,WT_GTL,WT_Gross_Pay,WT_HLTSAG,WT_HLTSAV,WT_LTD,WT_MED,WT_NEC,WT_Net_Pay,WT_REG,WT_SUI (ER) [USA],WT_State Withholding (Work) [USA],WT_Total_Deductions,WT_Total_EE_Taxes,WT_Total_ER_Taxes,WT_VIS
0.14443142857142857,0.7736037462984642,0.2021943573667712,0.3985043243294673,0.10562704052237373,0.7736012517182201,0.654320987654321,0.6543407407407407,0.0,0.1430229431163574,0.7736212880833011,0.5849519619899591,0.7736012517182201,0.1792976760082023,0.3477672113993783,0.27107417979038784,0.5903704093061244,0.5532559313478042,0.32249786142001713
0.0,0.0,0.0,0.4623702463297908,0.0,0.8964192154172899,0.0,0.0,0.0,0.0,0.0,0.9289671689562542,0.0,0.0,0.0,0.0,0.5942964810913751,0.628331650681474,0.0
0.04009714285714286,0.30201088079333377,0.26733934169279,0.20929469187368582,0.03808975097624992,0.4832144696863267,0.4382716049382716,0.43828148148148144,0.15552253590886578,0.04489547506829151,0.4832240647898187,0.39175637879505815,0.4832144696863267,0.09791524265208475,0.23875911734835192,0.1481915163270479,0.3419240582077543,0.3485108531044927,0.02951240376390077
0.0,0.11734729013153362,0.05015673981191223,0.10297993396953466,0.08392548492414058,0.4693778045898171,0.0,0.0,0.0,0.028689510707259423,0.4693956255853672,0.525696786219332,0.4693778045898171,0.21757518796992478,0.0,0.022619821686375205,0.1918518847974899,0.3918096920747098,0.1009409751924722
0.07142857142857144,0.4304111287101439,0.0031347962382445144,0.17877700921952752,0.016004097048844503,0.4304158712581366,0.04938271604938272,0.04939259259259259,0.0,0.01238447058157474,0.4304446036031072,0.410796429829106,0.4304158712581366,0.012175324675324674,0.0,0.0783814016023981,0.2476215121239199,0.3083669863705199,0.0
0.0,0.7253976998829281,0.0,0.4758046868310134,0.051981307214646943,0.7253946741373088,0.0,0.0,0.09385834571570084,0.0,0.725414577709217,0.5619608284182948,0.7253946741373088,0.0,0.4343397039362324,0.146811183724749,0.6816364158320563,0.5090863200403836,0.07057313943541488
